id,research question,approach1,approach2
test_005238,How can we develop a large language model that effectively integrates listening capabilities and achieves robust generalization in complex auditory tasks?,"To develop a large language model that effectively integrates listening capabilities and achieves robust generalization in complex auditory tasks, a multimodal approach can be employed, where the model is trained on a diverse range of audio-visual datasets that capture various speaking styles, accents, and environmental conditions. This can be achieved by leveraging a combination of self-supervised learning techniques, such as masked audio modeling and contrastive learning, to learn robust audio representations that are invariant to background noise and speaker variability. Additionally, the model can be fine-tuned on a set of downstream tasks, such as speech recognition, speaker identification, and audio question answering, to adapt to specific auditory tasks and improve its generalization capabilities. Furthermore, the model's listening capabilities can be enhanced by incorporating attention mechanisms that allow it to focus on specific audio segments or frequency bands, enabling it to better capture subtle acoustic cues and contextual information. By integrating these components, the model can develop a more comprehensive understanding of auditory inputs and achieve robust generalization in complex auditory tasks.","We can develop a large language model that integrates listening capabilities by using a two-stage pre-training approach. The first stage involves pre-training the model on a large corpus of text and audio data, and the second stage involves fine-tuning the model on specific tasks such as question answering and text-to-speech generation. This approach allows the model to learn generalizable representations that can be applied to a wide range of tasks, and can be further improved by incorporating additional pre-training tasks that focus on specific aspects of language and listening, such as phonology and syntax."
test_000204,"How can we develop an image captioning evaluation metric that is explainable, reference-free, and aligns with human judgment?","To develop an image captioning evaluation metric that is explainable, reference-free, and aligns with human judgment, a multimodal approach can be employed, combining computer vision and natural language processing techniques with human-centered evaluation methodologies. This can involve training a neural network-based model to predict human-like scores for image captions based on a set of visual and linguistic features, such as object detection, scene understanding, and semantic similarity, which are extracted from both the image and the caption. Additionally, a layer of attention mechanisms can be incorporated to provide insights into which specific aspects of the image and caption are contributing to the evaluation score, thereby enhancing explainability. The model can be trained on a large dataset of human-annotated image captions, where annotators are asked to provide not only scores but also justifications for their evaluations, allowing the model to learn the underlying reasoning behind human judgments. Furthermore, the model's performance can be fine-tuned through an iterative process of human evaluation and feedback, ensuring that the metric aligns with human judgment and is reference-free, meaning it does not rely on a set of predefined reference captions.","We can develop a reference-free image captioning evaluation metric by leveraging the concept of semantic similarity between the generated caption and the image. One way to achieve this is by using a pre-trained language model to compute the similarity between the caption and the image, and then using this similarity to score the caption. This approach allows the metric to be explainable, as it provides insights into the semantic meaning of the caption, and can be used to evaluate the quality of generated captions without relying on reference captions."
test_006074,"How can we develop a framework to extract emotion-cause pairs in conversations, recognizing emotions and identifying their causal expressions?","To develop a framework for extracting emotion-cause pairs in conversations, a multimodal approach can be employed, combining natural language processing and machine learning techniques to recognize emotions and identify their causal expressions. This can involve utilizing a deep learning-based architecture that incorporates contextualized embeddings, such as BERT or RoBERTa, to capture the nuances of emotional language and its causal relationships. The framework can be trained on a large-scale dataset of annotated conversations, where emotions and their corresponding causes are labeled, allowing the model to learn patterns and relationships between emotional expressions and their underlying causes. Additionally, the framework can leverage graph-based methods to represent the conversation structure and model the relationships between different emotional expressions, enabling the identification of complex causal relationships and emotion-cause pairs. By integrating these components, the framework can effectively extract emotion-cause pairs in conversations, providing valuable insights into the emotional dynamics of human interactions.","We can develop a framework that combines emotion recognition and causal expression identification by using a multi-task learning approach. This involves training a model to predict both emotions and their corresponding causal expressions simultaneously, allowing it to capture the relationships between them. The model can be trained on a dataset of labeled conversations with emotion-cause pairs, and can be evaluated on its ability to identify emotions and their causal expressions in new, unseen conversations."
test_002006,Is it possible to infer if a user's data was used to train a large language model?,"To investigate whether a user's data was used to train a large language model, a potential approach could involve developing a membership inference attack framework that leverages the model's behavioral differences when interacting with data from in-distribution and out-of-distribution sources. This could be achieved by first creating a dataset of text samples that are known to be from the user, as well as a dataset of text samples from a similar distribution that are not from the user. Then, a series of carefully crafted queries could be designed to probe the language model's responses to these different datasets, with the goal of identifying subtle patterns or anomalies that might indicate whether the user's data was used during training. By analyzing the model's output, such as its confidence scores, response times, or generated text, it may be possible to infer whether the model has seen the user's data before, thereby providing insight into the model's training data.","We can infer whether a user's data was used to train a language model by analyzing the model's behavior when given a prompt that includes the user's personal information. One way to do this is to use a prompt that includes the user's name and a specific prompt template, and then measure the model's response to this prompt. If the model's response is significantly different from a baseline model that was not trained on the user's data, it may indicate that the user's data was used to train the model. This approach can be used to identify potential privacy risks associated with large language models."
test_001828,How can we improve the efficiency of fine-tuning large Transformer models by reducing the number of updated parameters?,"To improve the efficiency of fine-tuning large Transformer models by reducing the number of updated parameters, a novel approach could involve implementing a hierarchical parameter pruning strategy that leverages the intrinsic structural properties of the Transformer architecture. This strategy would first identify the most critical layers and attention heads within the model that contribute the most to its performance on the target task, using techniques such as layer-wise relevance propagation or attention head importance scoring. Then, it would apply a gradual pruning schedule to the less important parameters, freezing them in place while continuing to update the remaining parameters through the fine-tuning process. Additionally, the approach could incorporate a knowledge distillation component, where a smaller ""student"" model is trained to mimic the behavior of the larger ""teacher"" model, allowing the student model to learn from the teacher's frozen parameters and adapt to the target task with a reduced number of updated parameters. By combining these techniques, the approach aims to minimize the number of updated parameters while preserving the model's performance, thereby improving the efficiency of the fine-tuning process.","We can improve the efficiency of fine-tuning by using a two-stage approach that first identifies and freezes the most important parameters and then updates the remaining parameters. This can be achieved by analyzing the sensitivity of the model's predictions to different parameters and selecting the most influential ones to be updated. Additionally, we can use a novel method to identify and freeze the less important parameters, which helps to reduce the number of updated parameters and improve the overall efficiency of the fine-tuning process."
test_006033,How can we improve the ability of headline generation models to accurately interpret and generate numerals in headlines?,"To improve the ability of headline generation models to accurately interpret and generate numerals in headlines, a multi-step approach can be employed, starting with the creation of a large-scale dataset of headlines that contain a diverse range of numerals, including ordinal and cardinal numbers, percentages, and numerical ranges, which can be used to fine-tune pre-trained language models. Next, a novel numeral-aware attention mechanism can be designed and integrated into the headline generation model, allowing it to focus on the numerical context and relationships within the headline, and to better capture the nuances of numerical expressions. Additionally, a numerical consistency evaluation metric can be developed to assess the accuracy of generated headlines, taking into account not only the presence and correctness of numerals, but also their semantic meaning and context. By combining these components, the model can learn to generate headlines that accurately interpret and represent numerals, and a thorough evaluation can be conducted to measure the effectiveness of the proposed approach in improving the performance of headline generation models on numerical data.","We can improve headline generation by using a two-stage approach that first identifies the relevant numerals in the input text and then generates the headline based on these numerals. This can be achieved by using a numeral detection module to locate the numerals in the text and then using a numeral-aware headline generation model to produce the headline. The numeral detection module can be trained on a dataset of labeled examples of numerals in headlines, and the headline generation model can be trained on a dataset of headlines that include numerals. This approach can be applied to various headline generation models, such as those based on BART, T5, and GPT-2, to improve their performance on numeral-related tasks."
test_006067,"How can we develop a single, efficient model to detect machine-generated text across various domains and languages without relying on the specific text-generating model?","To develop a single, efficient model for detecting machine-generated text across various domains and languages, a multi-stage approach can be employed, starting with the creation of a large, diverse dataset comprising human-written and machine-generated texts from multiple domains and languages. This dataset can then be used to train a deep learning model, such as a transformer-based architecture, with a novel training objective that combines adversarial training and meta-learning, allowing the model to learn domain- and language-agnostic features that distinguish human-written from machine-generated text. Additionally, the model can be fine-tuned using a few-shot learning paradigm, enabling it to adapt to new, unseen domains and languages with only a small amount of labeled data, thereby enhancing its generalizability and efficiency. Furthermore, the model's performance can be improved by incorporating linguistic and stylistic analysis, such as syntax, semantics, and pragmatics, to capture subtle differences between human-written and machine-generated texts, and by leveraging transfer learning from related tasks, such as authorship analysis and text classification, to leverage pre-trained knowledge and accelerate the training process.","We can develop a single model that detects machine-generated text by leveraging a pre-trained language model and a small amount of labeled data from a different domain. The model, called DetectGen, can be trained on a few hundred examples from a new domain and then applied to other domains, including those with limited labeled data. This approach allows for zero-shot detection of machine-generated text across multiple languages and domains, making it a flexible and effective solution for detecting fake news and other types of machine-generated content."
test_000712,"How do language models integrate prior knowledge and new information when answering questions, and can we measure their reliance on each?","To investigate how language models integrate prior knowledge and new information when answering questions, a multi-step approach can be employed, beginning with the development of a novel evaluation framework that assesses a model's ability to distinguish between prior knowledge and new information. This framework can involve creating a dataset of questions that require both the retrieval of prior knowledge and the incorporation of new information, with annotations that identify the specific sources of information used to answer each question. Next, a range of language models can be fine-tuned on this dataset and their performance evaluated using metrics that quantify their reliance on prior knowledge versus new information, such as the proportion of questions answered correctly using only prior knowledge versus those requiring the integration of new information. Additionally, techniques from explainability and interpretability research can be applied to analyze the models' internal representations and identify the specific mechanisms by which they integrate prior knowledge and new information, allowing for a more nuanced understanding of their reliance on each.","We can analyze the role of prior knowledge in language models by using a probing method that estimates the model's reliance on prior knowledge for a given question. This method, called Prior Probing, can be applied to various language models and questions to quantify the extent to which the model relies on prior knowledge when generating answers. By comparing the model's performance on questions that require prior knowledge to those that do not, we can identify the conditions under which the model is more likely to rely on prior knowledge and the factors that influence this reliance."
test_004837,How can we develop and evaluate large language models for effective psychological counseling conversations?,"To develop and evaluate large language models for effective psychological counseling conversations, a multimodal approach can be employed, combining natural language processing, machine learning, and human-centered design principles. This involves creating a large dataset of annotated counseling conversations, which can be used to fine-tune pre-trained language models to generate empathetic and personalized responses. The evaluation of these models can be conducted through a mixed-methods approach, incorporating both quantitative metrics such as perplexity and engagement metrics, as well as qualitative assessments from human evaluators, including licensed therapists and individuals who have experienced counseling conversations. Additionally, a human-in-the-loop feedback mechanism can be implemented, allowing counselors to provide feedback on the model's responses and adapt the model to real-world counseling scenarios, ensuring that the language models are not only effective but also safe and respectful.","We can develop a large language model for psychological counseling by creating a large-scale dataset of counseling conversations and using it to fine-tune a pre-trained language model. The dataset can be constructed by collecting and annotating a large number of counseling sessions, and then using this data to train a model that can generate responses to user queries. The model can be evaluated using a combination of automatic metrics and human evaluation to assess its performance in providing helpful and supportive responses."
test_003456,How can we mitigate the challenges of hallucination and factual inconsistency in Large Language Models?,"To mitigate the challenges of hallucination and factual inconsistency in Large Language Models, a potential approach could involve the development of a multi-stage fact-checking and feedback mechanism that integrates both automated and human evaluation processes. This mechanism would first utilize natural language processing and information retrieval techniques to identify potential hallucinations and inconsistencies in the model's output, and then leverage a human-in-the-loop framework to validate and correct these errors. Additionally, the model could be fine-tuned on a dataset specifically designed to test its ability to recognize and avoid hallucinations, with rewards or penalties assigned based on its performance, allowing it to learn from its mistakes and adapt to new scenarios. Furthermore, the incorporation of external knowledge sources, such as knowledge graphs or fact-checking databases, could provide an additional layer of verification, enabling the model to cross-check its outputs against established facts and adjust its responses accordingly, ultimately leading to more accurate and reliable language generation.","We can reduce hallucination and factual inconsistency in LLMs by using a two-stage framework that first identifies and then corrects the hallucinated information. The first stage involves detecting potential hallucinations by comparing the model's output with a knowledge base to identify inconsistencies. The second stage uses a correction model to replace the hallucinated information with accurate facts retrieved from the knowledge base. This approach can be applied to various LLMs, including those with different sizes and architectures, and can be used to improve the overall performance and reliability of the models."
test_000244,How can we effectively integrate the strengths of language models and graph neural networks to better represent and utilize structured knowledge graphs?,"To effectively integrate the strengths of language models and graph neural networks for better representation and utilization of structured knowledge graphs, a novel approach could involve developing a hybrid framework that leverages the capabilities of both paradigms in a synergistic manner. This framework, termed ""Knowledge Graph Embedding with Language Model Guidance,"" would first utilize a pre-trained language model to generate contextualized node and edge embeddings for the knowledge graph, capturing the semantic relationships and nuances inherent in the graph's structure. These embeddings would then be fed into a graph neural network, which would learn to propagate and refine the representations through iterative message-passing mechanisms, allowing the model to capture complex patterns and relationships within the graph. Furthermore, the language model would be fine-tuned on a task-specific objective, such as link prediction or question answering, to provide additional guidance and supervision to the graph neural network, enabling the framework to adapt to specific downstream tasks and domains, ultimately leading to more accurate and informative representations of the knowledge graph.","We can improve the integration of language models and graph neural networks by using a framework that combines the strengths of both components. This involves using a language model to generate initial representations of entities and relations in the graph, and then applying a graph neural network to refine these representations based on the structural information in the graph. The language model can be used to provide additional context and information about the entities and relations, which can then be used to update the graph representations. This approach allows for a more comprehensive and accurate representation of the knowledge graph, and can be used to improve performance on tasks such as knowledge graph completion and relation extraction."
test_000767,Can we use a smaller and weaker model to filter data for fine-tuning a larger and stronger language model?,"To investigate this question, a multi-stage approach can be employed, beginning with the selection of a smaller and weaker model, such as a distilled version of a larger language model or a model trained on a limited dataset, to serve as the data filter. This smaller model would be used to evaluate a large dataset and assign a relevance score to each sample, with the goal of identifying the most informative and diverse samples that would be most beneficial for fine-tuning the larger model. The top-ranked samples would then be selected and used to fine-tune the larger and stronger language model, with its performance evaluated on a held-out test set to assess the effectiveness of the filtering approach. The process could be iterated, with the smaller model's parameters and the filtering criteria adjusted based on the results, to optimize the performance of the larger model and minimize the amount of data required for fine-tuning, thereby reducing computational costs and environmental impact.",We can use a smaller model to filter data for fine-tuning a larger model by leveraging the smaller model's ability to identify and filter out low-quality data. This approach involves training the smaller model to predict the quality of the data and then using its predictions to select the most relevant and high-quality data for fine-tuning the larger model.
test_001905,How can we reduce the space complexity of tree-based linear models for extreme multi-label classification?,"To reduce the space complexity of tree-based linear models for extreme multi-label classification, a possible approach is to leverage the concept of model pruning and knowledge distillation, where a complex tree-based model is first trained and then pruned to retain only the most informative nodes and features, and subsequently, a smaller student model is trained to mimic the behavior of the pruned model, allowing for a significant reduction in space complexity while preserving the predictive performance, and further, techniques such as hashing and quantization can be applied to the student model to reduce the memory footprint, enabling the deployment of these models in resource-constrained environments, and finally, the use of automated machine learning techniques can be explored to optimize the pruning and distillation process, leading to a more efficient and scalable solution for extreme multi-label classification.","We can reduce the space complexity of tree-based models by using a two-stage approach that combines the strengths of both tree-based and embedding-based methods. The first stage involves using a tree-based model to identify the most relevant features and labels, and the second stage uses a lightweight embedding-based model to make the final prediction. This approach allows for a significant reduction in the number of parameters and memory usage, making it more efficient for large-scale extreme multi-label classification tasks."
test_004931,How can large language models be enabled to process and translate endangered languages that lack large corpora for training?,"A possible approach to enabling large language models to process and translate endangered languages with limited training data is to leverage a combination of transfer learning, meta-learning, and active learning techniques. This could involve pre-training a model on a large corpus of data from a related language, and then fine-tuning it on a small amount of available data from the endangered language, using techniques such as few-shot learning to adapt to the new language. Additionally, meta-learning algorithms could be used to train the model to learn how to learn from limited data, allowing it to quickly adapt to new languages with minimal training examples. Active learning techniques could also be employed to selectively sample and annotate new data from the endangered language, allowing the model to iteratively improve its performance and expand its capabilities over time, while also minimizing the need for large amounts of labeled training data.","We can develop a zero-shot translation system that leverages the capabilities of large language models to translate between endangered languages and a high-resource language like English. This approach involves using the language model to generate translations without requiring any training data for the endangered language, making it a zero-shot method. The system can be further improved by incorporating additional techniques such as data augmentation and fine-tuning on a small amount of data for the endangered language, allowing it to achieve state-of-the-art results in translating between the endangered language and English."
test_001628,How can we effectively answer product-related questions in a multilingual e-commerce setting by leveraging information from other marketplaces?,"To effectively answer product-related questions in a multilingual e-commerce setting by leveraging information from other marketplaces, a novel approach could involve developing a cross-lingual knowledge graph that integrates product information from multiple marketplaces, utilizing a combination of natural language processing and machine learning techniques to align and merge product descriptions, customer reviews, and question-answer pairs across different languages and platforms. This knowledge graph could be constructed by first collecting and preprocessing product data from various marketplaces, and then applying entity recognition and alignment algorithms to identify and match equivalent products and concepts across languages, followed by the application of graph-based algorithms to propagate and aggregate knowledge across the multilingual product graph. Additionally, a transfer learning-based question answering model could be trained on the constructed knowledge graph, allowing it to learn from question-answer pairs in one language and apply that knowledge to answer questions in other languages, thereby enabling effective and accurate answering of product-related questions in a multilingual e-commerce setting.","We can improve product-related question answering by developing a framework that combines the strengths of pre-trained language models and knowledge graph-based reasoning. One approach is to use a graph-based model that incorporates product information from multiple marketplaces, allowing it to capture relationships between products and answer questions about their attributes. This can be achieved by constructing a knowledge graph that represents the product information and then using this graph to inform the model's understanding of product-related questions. The model can be trained on a large-scale dataset of product-related questions and answers, and can be fine-tuned for specific marketplaces to improve its performance."
test_005865,How can we train Large Language Models to understand individual student needs without compromising their factual knowledge and reasoning abilities?,"To address this research question, a potential approach could involve developing a multi-task learning framework that integrates individualized learning objectives with factual knowledge and reasoning tasks, allowing the Large Language Model to learn a unified representation that balances these competing demands. This could be achieved by designing a novel loss function that combines a student-specific embedding loss, which captures the unique needs and preferences of each student, with a knowledge distillation loss, which ensures the model retains its factual knowledge and reasoning abilities. Additionally, the model could be trained on a diverse dataset that includes a range of student interactions, such as dialogue, essays, and problem-solving exercises, to expose the model to various learning styles and preferences, and to develop its ability to adapt to individual student needs. Furthermore, the model's performance could be evaluated using a combination of automated metrics, such as perplexity and accuracy, and human evaluations, such as teacher assessments and student feedback, to ensure that the model is meeting both the individualized learning objectives and the factual knowledge and reasoning requirements.","We can train LLMs to understand individual student needs by using a two-stage approach that first identifies the student's needs and then generates responses based on those needs. This can be achieved by using a need-identification module to determine the student's requirements and a response generation module to produce answers that cater to those needs. The need-identification module can be trained using a contrastive learning objective to learn to distinguish between different student needs, and the response generation module can be trained using a reinforcement learning framework to optimize the responses for the identified needs."
test_005323,"How can we improve machine translation in the medical domain, particularly in translating medical terminologies?","To improve machine translation in the medical domain, a novel approach could involve the development of a hybrid model that combines the strengths of both rule-based and statistical machine translation methods, with a specific focus on incorporating domain-specific knowledge and terminology. This could be achieved by first creating a comprehensive medical terminology database that captures the nuances and complexities of medical language, including synonyms, abbreviations, and context-dependent translations. The model could then utilize this database to inform its translation decisions, leveraging techniques such as named entity recognition and part-of-speech tagging to accurately identify and translate medical terms. Additionally, the model could be trained on a large corpus of bilingual medical texts, including clinical notes, research articles, and medical textbooks, to learn the patterns and relationships between medical concepts in different languages. By integrating these components, the hybrid model could produce more accurate and reliable translations of medical terminologies, ultimately enhancing the quality and safety of machine translation in the medical domain.","We can improve medical machine translation by using a combination of data augmentation and contrastive learning techniques. One approach is to create a large-scale dataset of medical terms and their translations, and then use this dataset to train a model that learns to distinguish between correct and incorrect translations. This can be achieved by generating synthetic negative examples that mimic the errors made by a baseline model, and then using these examples to train the model to recognize and reject incorrect translations. Additionally, we can use a contrastive learning objective to improve the model's ability to distinguish between correct and incorrect translations, and to learn more effective representations of medical terms."
test_004464,How can we improve the efficiency of parameter-efficient fine-tuning methods for large language models?,"To improve the efficiency of parameter-efficient fine-tuning methods for large language models, a potential approach could involve developing a hybrid method that combines the strengths of existing techniques such as adapters, prefix tuning, and bit fit, with a novel meta-learning component that enables the model to learn how to adapt to new tasks more effectively. This could be achieved by introducing a set of meta-parameters that are learned during the pre-training phase, which control the adaptation process of the model to new tasks, allowing it to selectively update the most relevant parameters for each task. Additionally, the approach could incorporate a sparse attention mechanism that dynamically prunes the attention weights during fine-tuning, reducing the computational cost and memory requirements, while maintaining the model's performance. By integrating these components, the proposed method could enable more efficient and effective fine-tuning of large language models, allowing them to adapt to a wide range of tasks with minimal additional training data and computational resources.","We can improve the efficiency of parameter-efficient fine-tuning by using a two-stage approach that combines the strengths of parameter-efficient tuning methods. The first stage involves using a lightweight adapter-based method to adapt the model to the new task, and the second stage involves fine-tuning the model using a more efficient method such as prefix tuning. This approach allows for a more efficient use of computational resources and can achieve comparable performance to full fine-tuning."
test_003436,"How can we effectively estimate uncertainty in neural machine translation models, considering the semantic diversity of possible translations?","To effectively estimate uncertainty in neural machine translation models while considering the semantic diversity of possible translations, a novel approach could involve integrating Bayesian neural networks with a semantic graph-based embedding framework. This would enable the model to capture the uncertainty associated with different possible translations by representing the target language as a graph, where nodes correspond to words or phrases and edges represent semantic relationships. The Bayesian neural network would then learn to propagate uncertainty through this graph, allowing the model to estimate the uncertainty of each possible translation based on its semantic similarity to other possible translations. Furthermore, the model could be trained using a combination of likelihood-based and adversarial loss functions, which would encourage the model to produce diverse translations while also penalizing it for producing translations that are semantically inconsistent with the source text. By leveraging the strengths of both Bayesian neural networks and semantic graph-based embeddings, this approach would provide a more comprehensive and nuanced estimate of uncertainty in neural machine translation models.","We can estimate uncertainty in neural machine translation by using a novel metric that measures the semantic diversity of possible translations, rather than just relying on confidence scores. This approach, called semantic uncertainty, can be used to identify when the model is less confident in its translations, and can be applied to various neural machine translation models, including those trained on different languages and datasets."
test_001805,How can we improve the efficiency and effectiveness of chain of thought (CoT) reasoning frameworks for large language models (LLMs) without increasing the number of inference paths?,"To improve the efficiency and effectiveness of chain of thought reasoning frameworks for large language models without increasing the number of inference paths, a novel approach could involve implementing a dynamic pruning mechanism that adaptively selects and refines the most promising intermediate steps during the reasoning process. This mechanism would leverage reinforcement learning to identify the most critical steps that contribute to the overall accuracy and efficiency of the CoT framework, and then focus computational resources on refining and expanding those steps. Additionally, the approach could incorporate a graph-based representation of the reasoning process, allowing the model to navigate and explore the most relevant paths and avoid redundant or low-probability branches, thereby optimizing the use of computational resources and minimizing unnecessary inference paths. By integrating these components, the CoT framework can be made more efficient and effective, enabling large language models to reason more accurately and reliably without requiring an increase in the number of inference paths.","We can enhance CoT by using a more efficient prompting method that allows the model to generate multiple reasoning paths in parallel, rather than sequentially. This can be achieved by using a prompt that enables the model to produce multiple answers simultaneously, and then selecting the most accurate one. The prompt can be designed to encourage the model to generate diverse and high-quality reasoning paths, and the final answer can be selected based on a scoring function that evaluates the quality of each path."
